<?xml version="1.0" encoding="UTF-8"?>
<LightningComponentBundle xmlns="http://soap.sforce.com/2006/04/metadata">
    <apiVersion>52.0</apiVersion>
    <isExposed>true</isExposed>

    <targets>
        <target>lightning__FlowScreen</target>
        <target>lightning__AppPage</target>
        <target>lightning__RecordPage</target>
        <target>lightning__HomePage</target>
    </targets>

    <targetConfigs>
        <targetConfig targets="lightning__FlowScreen">
            <property name="opps" type="@salesforce/schema/Opportunity[]" label="Opportinities" description="list of Opportunities"/>
            <property name="selectedOpp" type="String[]" label="Selected Opps" description="Selected Opps Ids"/>
            <property name="selectedOppString" type="String" label="Selected Opps String" description="Selected Opps Ids"/>
        </targetConfig>
    </targetConfigs>
</LightningComponentBundle>